{"screen_resolution":0,"window_mode":0,"music_volume":0.5,"sfx_volume":0.5,"display_hitboxes":true,"display_hurtboxes":false,"display_colliders":false,"display_platforms":false,"player_colors":[{"r":0.9607843160629273,"g":0.30588236451148989,"b":0.30588236451148989,"a":1.0},{"r":0.30588236451148989,"g":0.3294117748737335,"b":0.9607843160629273,"a":1.0},{"r":0.9607843160629273,"g":0.9607843160629273,"b":0.30588236451148989,"a":1.0},{"r":0.40392157435417178,"g":0.9607843160629273,"b":0.30588236451148989,"a":1.0}]}